{
  "0": 0.578559670781893,
  "1": 2.9510915197313183,
  "2": 0.578559670781893,
  "3": 2.892798353909465,
  "4": 0.6508796296296296,
  "5": 3.103532008830022
}